City_ID,City,Country,Date,Lat,Lng,Max Temp,Humidity,Cloudiness,Wind Speed
0,Zhenhai,CN,2021-08-06 02:10:30,24.2582,118.0905,78.71,93,100,23.42
1,Great Falls,US,2021-08-06 02:07:27,47.5002,-111.3008,81.41,30,1,7.0
2,Mahebourg,MU,2021-08-06 02:10:30,-20.4081,57.7,66.49,88,40,16.11
3,Port Elizabeth,ZA,2021-08-06 02:10:30,-33.918,25.5701,61.09,94,75,14.97
4,Puerto Ayora,EC,2021-08-06 02:06:49,-0.7393,-90.3518,70.56,93,61,4.0
5,Albany,US,2021-08-06 02:06:39,42.6001,-73.9662,70.41,83,0,3.13
6,Butaritari,KI,2021-08-06 02:10:31,3.0707,172.7902,83.26,64,11,12.5
7,Nigde,TR,2021-08-06 02:10:31,37.8333,34.75,62.62,45,0,2.82
8,Cidreira,BR,2021-08-06 02:10:32,-30.1811,-50.2056,60.84,92,100,17.11
9,Port Lincoln,AU,2021-08-06 02:10:32,-34.7333,135.8667,58.12,66,100,10.31
10,Avarua,CK,2021-08-06 02:10:33,-21.2078,-159.775,77.05,61,75,4.61
11,Mataura,NZ,2021-08-06 02:10:33,-46.1927,168.8643,51.48,69,60,4.16
12,Moville,US,2021-08-06 02:10:33,42.4889,-96.0725,76.96,90,100,22.06
13,Ushuaia,AR,2021-08-06 02:06:19,-54.8,-68.3,35.76,98,100,4.68
14,Ribeira Grande,PT,2021-08-06 02:07:16,38.5167,-28.7,73.44,92,29,14.72
15,Punta Arenas,CL,2021-08-06 02:10:34,-53.15,-70.9167,33.91,93,90,26.46
16,Rikitea,PF,2021-08-06 02:06:38,-23.1203,-134.9692,74.23,74,59,15.52
17,Hobart,AU,2021-08-06 02:10:35,-42.8794,147.3294,61.05,51,75,5.01
18,Mason City,US,2021-08-06 02:08:09,43.1536,-93.201,72.05,80,1,5.75
19,Kapaa,US,2021-08-06 02:10:35,22.0752,-159.319,82.72,75,75,4.0
20,Romny,UA,2021-08-06 02:10:36,50.751,33.4747,62.58,75,45,10.33
21,Khatanga,RU,2021-08-06 02:07:36,71.9667,102.5,70.36,32,8,12.57
22,Jolalpan,MX,2021-08-06 02:10:36,18.325,-98.8417,71.78,89,100,2.73
23,Vaini,TO,2021-08-06 02:07:00,-21.2,-175.2,73.09,64,26,15.99
24,Carnarvon,AU,2021-08-06 02:10:37,-24.8667,113.6333,73.47,31,4,16.11
25,Busselton,AU,2021-08-06 02:10:37,-33.65,115.3333,57.04,73,0,12.75
26,Hithadhoo,MV,2021-08-06 02:10:38,-0.6,73.0833,80.4,74,93,4.38
27,Oistins,BB,2021-08-06 02:10:38,13.0667,-59.5333,80.69,83,75,13.8
28,Karpathos,GR,2021-08-06 02:10:38,35.507,27.2132,82.67,59,0,12.37
29,Sakakah,SA,2021-08-06 02:07:15,29.9697,40.2064,85.19,19,0,6.31
30,Arlit,NE,2021-08-06 02:09:03,18.7369,7.3853,89.89,39,8,5.17
31,Castro,BR,2021-08-06 02:10:39,-24.7911,-50.0119,49.78,90,100,6.82
32,Ponta Do Sol,PT,2021-08-06 02:10:39,32.6667,-17.1,75.0,83,51,2.86
33,Torbay,CA,2021-08-06 02:10:40,47.6666,-52.7314,65.88,71,74,13.71
34,Mar Del Plata,AR,2021-08-06 02:07:27,-38.0023,-57.5575,56.08,1,26,5.99
35,Cape Town,ZA,2021-08-06 02:09:49,-33.9258,18.4232,53.11,94,0,2.33
36,Katangli,RU,2021-08-06 02:10:40,51.7102,143.2326,54.1,96,100,13.22
37,De Aar,ZA,2021-08-06 02:10:41,-30.6497,24.0123,41.83,32,0,1.83
38,Kysyl-Syr,RU,2021-08-06 02:10:41,63.8986,122.7617,71.98,31,0,6.93
39,Lompoc,US,2021-08-06 02:10:41,34.6391,-120.4579,78.1,78,90,14.97
40,New Norfolk,AU,2021-08-06 02:10:42,-42.7826,147.0587,60.71,60,90,11.01
41,Flinders,AU,2021-08-06 02:10:42,-34.5833,150.8552,69.19,48,0,5.99
42,East London,ZA,2021-08-06 02:10:43,-33.0153,27.9116,62.71,88,5,10.09
43,Saint-Philippe,RE,2021-08-06 02:10:43,-21.3585,55.7679,65.75,72,36,8.93
44,Gobabis,NA,2021-08-06 02:10:43,-22.45,18.9667,51.19,33,0,4.41
45,Omboue,GA,2021-08-06 02:10:44,-1.5746,9.2618,74.01,85,5,5.44
46,Tasiilaq,GL,2021-08-06 02:07:03,65.6145,-37.6368,36.55,79,0,4.09
47,Rawson,AR,2021-08-06 02:10:44,-43.3002,-65.1023,60.75,40,100,10.83
48,Les Escoumins,CA,2021-08-06 02:10:45,48.1111,-69.0236,59.36,80,45,6.2
49,Saldanha,ZA,2021-08-06 02:10:45,-33.0117,17.9442,53.58,86,0,3.53
50,Denpasar,ID,2021-08-06 02:07:45,-8.65,115.2167,82.06,83,20,8.05
51,Ancud,CL,2021-08-06 02:07:18,-41.8697,-73.8203,50.43,87,100,12.71
52,Katsuura,JP,2021-08-06 02:09:14,35.1333,140.3,87.91,75,58,8.97
53,Requena,ES,2021-08-06 02:10:46,39.4883,-1.1004,67.14,33,0,4.68
54,Kodiak,US,2021-08-06 02:10:47,57.79,-152.4072,56.71,94,90,0.0
55,Arraial Do Cabo,BR,2021-08-06 02:06:54,-22.9661,-42.0278,68.09,82,24,13.82
56,Jamestown,US,2021-08-06 02:06:07,42.097,-79.2353,67.59,82,40,1.95
57,Bilma,NE,2021-08-06 02:10:47,18.6853,12.9164,91.78,19,61,5.55
58,Skoghall,SE,2021-08-06 02:10:48,59.3232,13.4655,55.96,88,58,6.91
59,College,US,2021-08-06 02:09:47,64.8569,-147.8028,82.38,46,75,5.75
60,Nikolskoye,RU,2021-08-06 02:10:48,59.7035,30.7861,59.79,80,100,3.47
61,Norman Wells,CA,2021-08-06 02:07:33,65.282,-126.8329,74.97,45,27,0.92
62,Iquique,CL,2021-08-06 02:10:49,-20.2208,-70.1431,59.04,75,48,2.1
63,Belaya Gora,RU,2021-08-06 02:10:49,68.5333,146.4167,50.47,64,94,4.0
64,Upernavik,GL,2021-08-06 02:10:50,72.7868,-56.1549,43.54,70,28,3.8
65,Bluff,NZ,2021-08-06 02:07:05,-46.6,168.3333,51.8,76,60,14.05
66,Ovre Ardal,NO,2021-08-06 02:10:50,61.3167,7.8,51.12,84,86,5.91
67,Amapa,BR,2021-08-06 02:10:50,1.0,-52.0,72.81,95,75,1.81
68,Juneau,US,2021-08-06 02:10:51,58.3019,-134.4197,67.84,79,75,3.44
69,Iqaluit,CA,2021-08-06 02:10:51,63.7506,-68.5145,41.7,75,100,8.99
70,Padang,ID,2021-08-06 02:10:52,-0.9492,100.3543,82.45,65,98,0.67
71,Hornepayne,CA,2021-08-06 02:10:52,49.2138,-84.7705,64.87,81,100,3.47
72,Vanavara,RU,2021-08-06 02:10:52,60.34,102.2797,67.05,60,99,7.81
73,Tuatapere,NZ,2021-08-06 02:10:53,-46.1333,167.6833,51.82,74,41,7.34
74,Atambua,ID,2021-08-06 02:10:53,-9.1061,124.8925,82.17,44,74,4.83
75,Bengkulu,ID,2021-08-06 02:10:54,-3.8004,102.2655,81.07,74,25,2.01
76,Baker City,US,2021-08-06 02:10:54,44.7749,-117.8344,81.16,77,75,5.75
77,Esperance,AU,2021-08-06 02:10:54,-33.8667,121.9,58.66,58,0,12.75
78,Hovd,MN,2021-08-06 02:10:55,48.0056,91.6419,67.39,33,1,7.74
79,Port Alfred,ZA,2021-08-06 02:07:01,-33.5906,26.891,61.72,86,24,10.29
80,Mweka,CD,2021-08-06 02:10:55,-4.85,21.5667,68.68,37,0,0.54
81,Touros,BR,2021-08-06 02:10:55,-5.1989,-35.4608,74.3,84,33,15.5
82,Scarborough,GB,2021-08-06 02:10:56,54.2797,-0.4044,60.91,92,99,3.0
83,Hilo,US,2021-08-06 02:07:04,19.7297,-155.09,82.13,78,40,10.36
84,Boende,CD,2021-08-06 02:10:56,-0.2167,20.8667,75.43,74,87,1.48
85,Provideniya,RU,2021-08-06 02:06:54,64.3833,-173.3,55.51,58,0,13.42
86,Whitefish,US,2021-08-06 02:05:58,48.4111,-114.3376,78.55,51,1,12.66
87,Mount Isa,AU,2021-08-06 02:10:57,-20.7333,139.5,67.77,22,1,16.11
88,Guane,CU,2021-08-06 02:10:57,22.2025,-84.0875,78.04,84,96,3.33
89,Aguimes,ES,2021-08-06 02:10:58,27.9054,-15.4461,68.63,83,40,20.71
90,Umm Kaddadah,SD,2021-08-06 02:10:58,13.6017,26.6876,82.51,59,47,11.61
91,Bredasdorp,ZA,2021-08-06 02:10:59,-34.5322,20.0403,54.28,96,97,4.18
92,Airai,TL,2021-08-06 02:10:59,-8.9266,125.4092,71.13,41,69,5.75
93,Bandarbeyla,SO,2021-08-06 02:11:00,9.4942,50.8122,77.59,68,100,26.04
94,Barrow,US,2021-08-06 02:11:00,71.2906,-156.7887,39.22,79,90,18.41
95,Aklavik,CA,2021-08-06 02:11:01,68.2191,-135.0107,54.39,61,56,21.34
96,San Jeronimo,PE,2021-08-06 02:11:01,-11.9472,-75.2829,45.63,77,2,3.76
97,Henties Bay,NA,2021-08-06 02:11:01,-22.116,14.2845,52.86,84,6,3.29
98,Agadez,NE,2021-08-06 02:11:02,19.75,10.25,89.49,11,3,10.65
99,Broome,US,2021-08-06 02:08:30,42.2506,-75.833,67.77,78,0,2.17
100,Saint-Pierre,RE,2021-08-06 02:11:03,-21.3393,55.4781,65.84,66,40,6.91
101,Vostok,RU,2021-08-06 02:11:04,46.4856,135.8833,71.8,86,97,4.34
102,Chuy,UY,2021-08-06 02:07:27,-33.6971,-53.4616,56.05,96,56,9.44
103,Lagoa,PT,2021-08-06 02:11:04,39.05,-27.9833,72.57,93,24,20.94
104,Pasan,IN,2021-08-06 02:11:05,22.85,82.2,77.07,87,76,4.05
105,Ilulissat,GL,2021-08-06 02:07:29,69.2167,-51.1,48.22,71,20,16.11
106,Hermanus,ZA,2021-08-06 02:11:05,-34.4187,19.2345,54.81,79,62,10.49
107,Emba,KZ,2021-08-06 02:11:06,48.8264,58.1442,73.47,54,95,22.95
108,Kazachinskoye,RU,2021-08-06 02:11:06,57.6953,93.2761,66.33,87,100,2.82
109,Daru,PG,2021-08-06 02:10:08,-9.0763,143.2092,80.22,68,92,14.2
110,Atuona,PF,2021-08-06 02:06:52,-9.8,-139.0333,77.95,74,18,13.96
111,Bethel,US,2021-08-06 02:11:07,41.3712,-73.414,71.73,88,1,0.0
112,Chokurdakh,RU,2021-08-06 02:11:08,70.6333,147.9167,46.13,68,100,9.53
113,Kang,BW,2021-08-06 02:11:08,-23.6752,22.7876,54.75,39,4,8.1
114,Fortuna,US,2021-08-06 02:11:08,40.5982,-124.1573,74.43,68,20,5.99
115,Cabo San Lucas,MX,2021-08-06 02:11:09,22.8909,-109.9124,85.51,75,75,3.0
116,Georgetown,MY,2021-08-06 02:07:05,5.4112,100.3354,85.95,71,20,3.44
117,Buraydah,SA,2021-08-06 02:11:09,26.326,43.975,87.04,15,33,8.19
118,Sola,VU,2021-08-06 02:09:24,-13.8833,167.55,78.44,72,0,0.98
119,Pompeu,BR,2021-08-06 02:11:10,-19.2244,-44.9353,63.77,62,97,9.82
120,Maningrida,AU,2021-08-06 02:11:11,-12.0667,134.2667,81.39,30,100,14.5
121,Souillac,MU,2021-08-06 02:11:11,-20.5167,57.5167,66.58,88,40,16.11
122,Magadan,RU,2021-08-06 02:07:56,59.5667,150.8,58.59,57,100,8.72
123,Fare,PF,2021-08-06 02:11:12,-16.7,-151.0167,78.98,69,97,7.14
124,Bichena,ET,2021-08-06 02:07:15,10.45,38.2,50.14,82,100,1.77
125,Naica,MX,2021-08-06 02:11:12,27.85,-105.4833,79.5,44,53,9.53
126,Mugur-Aksy,RU,2021-08-06 02:11:13,50.35,90.5,50.05,74,100,7.38
127,Husavik,IS,2021-08-06 02:11:13,66.0449,-17.3389,49.5,90,63,1.99
128,Pisco,PE,2021-08-06 02:11:15,-13.7,-76.2167,61.02,88,75,14.97
129,Masuda,JP,2021-08-06 02:11:15,34.6667,131.85,90.81,50,0,5.82
130,Qaanaaq,GL,2021-08-06 02:11:16,77.484,-69.3632,42.78,66,14,4.47
131,Dongobesh,TZ,2021-08-06 02:11:16,-4.0667,35.3833,50.14,94,45,5.84
132,Bathsheba,BB,2021-08-06 02:11:16,13.2167,-59.5167,81.21,83,75,13.8
133,Kavieng,PG,2021-08-06 02:11:17,-2.5744,150.7967,82.85,76,84,11.99
134,Vila Velha,BR,2021-08-06 02:11:17,-20.3297,-40.2925,62.55,94,75,0.0
135,Yellowknife,CA,2021-08-06 02:11:17,62.456,-114.3525,62.29,55,100,8.99
136,Winnemucca,US,2021-08-06 02:11:18,40.973,-117.7357,84.25,6,90,20.71
137,Lebu,CL,2021-08-06 02:11:18,-37.6167,-73.65,51.08,86,100,10.02
138,Asyut,EG,2021-08-06 02:11:19,27.181,31.1837,86.4,17,0,3.53
139,Nouakchott,MR,2021-08-06 02:11:19,18.0858,-15.9785,78.73,78,14,12.84
140,Mantua,IT,2021-08-06 02:11:19,45.1667,10.7833,70.7,84,100,2.59
141,Sharkan,RU,2021-08-06 02:11:20,57.2989,53.8712,59.16,88,35,6.82
142,Victoria,HK,2021-08-06 02:11:01,22.2855,114.1577,85.24,91,100,7.0
143,Corpus Christi,US,2021-08-06 02:10:04,27.8006,-97.3964,84.2,86,90,5.01
144,Harnosand,SE,2021-08-06 02:11:20,62.6323,17.9379,59.0,86,46,4.68
145,San Carlos De Bariloche,AR,2021-08-06 02:08:30,-41.1456,-71.3082,44.35,76,40,11.5
146,Banamba,ML,2021-08-06 02:11:21,13.55,-7.45,75.06,85,100,5.7
147,Ontario,US,2021-08-06 02:11:21,34.0633,-117.6509,100.87,42,1,3.0
148,Hamilton,US,2021-08-06 02:08:34,39.1834,-84.5333,76.77,74,1,0.0
149,Sinnamary,GF,2021-08-06 02:11:22,5.3833,-52.95,76.06,88,40,0.89
150,Wawa,NG,2021-08-06 02:11:22,9.9022,4.4192,72.37,90,100,4.05
151,Okhotsk,RU,2021-08-06 02:11:23,59.3833,143.3,66.27,48,0,1.9
152,Cherskiy,RU,2021-08-06 02:06:47,68.75,161.3,60.85,56,43,4.85
153,Roros,NO,2021-08-06 02:11:23,62.5747,11.3842,39.04,93,94,6.91
154,Kaeo,NZ,2021-08-06 02:11:23,-35.1,173.7833,62.33,71,54,12.97
155,Wamba,NG,2021-08-06 02:11:24,8.9333,8.6,70.16,95,100,4.43
156,Ixtapa,MX,2021-08-06 02:11:25,20.7,-105.2,76.23,94,75,3.44
157,Ca Mau,VN,2021-08-06 02:11:25,9.1769,105.15,86.07,69,100,9.86
158,Revda,RU,2021-08-06 02:11:25,56.801,59.9303,63.41,96,100,7.94
159,Pevek,RU,2021-08-06 02:11:26,69.7008,170.3133,39.42,93,94,6.93
160,Port Hedland,AU,2021-08-06 02:11:27,-20.3167,118.5667,75.25,19,4,23.02
161,Tura,IN,2021-08-06 02:11:28,25.5198,90.2201,80.04,90,92,4.74
162,Fukue,JP,2021-08-06 02:11:28,32.6881,128.8419,83.68,71,0,8.9
163,Petropavlovsk-Kamchatskiy,RU,2021-08-06 02:11:28,53.0452,158.6483,63.19,36,0,20.13
164,Tarakan,ID,2021-08-06 02:11:29,3.3,117.6333,80.1,83,40,5.75
165,Sitka,US,2021-08-06 02:11:29,57.0531,-135.33,62.49,77,90,4.61
166,Dikson,RU,2021-08-06 02:07:06,73.5069,80.5464,51.24,88,5,5.61
167,North Platte,US,2021-08-06 02:11:30,41.1239,-100.7654,83.01,42,1,1.01
168,Goderich,CA,2021-08-06 02:06:42,43.7501,-81.7165,70.92,76,7,11.03
169,San Cristobal,VE,2021-08-06 02:07:07,7.7669,-72.225,75.38,98,93,5.12
170,Banjar,ID,2021-08-06 02:11:31,-8.19,114.9675,82.26,67,53,1.7
171,Kloulklubed,PW,2021-08-06 02:07:55,7.0419,134.2556,82.9,67,100,2.35
172,Salalah,OM,2021-08-06 02:09:18,17.0151,54.0924,77.09,100,90,5.75
173,Mana,GF,2021-08-06 02:11:32,5.6592,-53.7767,77.36,86,62,3.58
174,Sogne,NO,2021-08-06 02:11:33,58.0833,7.8167,60.69,1,83,3.0
175,Lanzhou,CN,2021-08-06 02:11:34,36.0564,103.7922,78.78,33,94,1.48
176,Dalton,US,2021-08-06 02:11:34,34.7698,-84.9702,77.22,85,1,0.0
177,Christchurch,NZ,2021-08-06 02:07:45,-43.5333,172.6333,50.02,87,90,5.01
178,Mount Gambier,AU,2021-08-06 02:11:35,-37.8333,140.7667,53.62,76,100,8.72
179,Tunceli,TR,2021-08-06 02:11:36,39.1083,39.5471,68.86,40,32,4.47
180,Faya,SA,2021-08-06 02:11:36,18.3851,42.4509,63.12,70,96,4.05
181,Pangnirtung,CA,2021-08-06 02:11:36,66.1451,-65.7125,40.62,97,100,7.78
182,Dubbo,AU,2021-08-06 02:09:51,-32.25,148.6167,57.33,58,90,14.97
183,Guilin,CN,2021-08-06 02:11:37,25.2819,110.2864,89.46,60,36,4.09
184,Middlesex,US,2021-08-06 02:11:37,42.4998,-71.3328,67.62,86,95,1.97
185,Pontes E Lacerda,BR,2021-08-06 02:11:37,-15.2261,-59.3353,70.3,31,30,3.65
186,Severo-Kurilsk,RU,2021-08-06 02:11:38,50.6789,156.125,55.67,63,0,16.82
187,Moron,AR,2021-08-06 02:11:38,-34.6534,-58.6198,55.98,97,0,6.51
188,Inhambane,MZ,2021-08-06 02:11:38,-23.865,35.3833,64.44,84,0,5.53
189,Harper,LR,2021-08-06 02:11:39,4.375,-7.7169,75.63,81,88,9.8
190,Meulaboh,ID,2021-08-06 02:07:16,4.1363,96.1285,81.12,69,94,4.45
191,Prado,BR,2021-08-06 02:11:39,-17.3411,-39.2208,70.77,70,80,11.3
192,Marsa Matruh,EG,2021-08-06 02:11:39,31.3525,27.2453,80.8,80,0,14.05
193,Hasaki,JP,2021-08-06 02:07:39,35.7333,140.8333,95.29,71,11,7.23
194,Sao Jose Da Coroa Grande,BR,2021-08-06 02:11:40,-8.8978,-35.1478,72.99,81,17,11.21
195,Leningradskiy,RU,2021-08-06 02:11:40,69.3833,178.4167,40.64,90,88,6.89
196,Fairbanks,US,2021-08-06 02:10:05,64.8378,-147.7164,83.1,47,1,8.05
197,Mbarara,UG,2021-08-06 02:11:41,-0.608,30.65,68.86,58,72,1.12
198,Caravelas,BR,2021-08-06 02:11:41,-17.7125,-39.2481,70.5,71,89,9.84
199,Kruisfontein,ZA,2021-08-06 02:08:28,-34.0033,24.7314,55.89,95,91,3.85
200,Saint Augustine,US,2021-08-06 02:11:42,29.8947,-81.3145,79.25,96,1,4.61
201,Hualmay,PE,2021-08-06 02:11:42,-11.0964,-77.6139,63.54,83,3,10.42
202,Mayumba,GA,2021-08-06 02:11:44,-3.432,10.6554,72.48,87,17,5.03
203,Tiksi,RU,2021-08-06 02:11:44,71.6872,128.8694,42.6,83,97,15.68
204,Mujiayingzi,CN,2021-08-06 02:11:44,42.1167,118.7833,73.26,55,99,4.18
205,Faanui,PF,2021-08-06 02:07:25,-16.4833,-151.75,79.09,71,99,7.61
206,Yerofey Pavlovich,RU,2021-08-06 02:11:45,53.9667,121.9667,59.61,94,100,0.58
207,Muros,ES,2021-08-06 02:11:45,42.7762,-9.0603,64.24,89,95,2.57
208,Chapais,CA,2021-08-06 02:11:45,49.7834,-74.8492,69.58,94,86,6.31
209,Suoyarvi,RU,2021-08-06 02:11:46,62.0833,32.35,50.02,78,79,4.65
210,Tuktoyaktuk,CA,2021-08-06 02:11:46,69.4541,-133.0374,46.4,93,90,18.41
211,Mogadishu,SO,2021-08-06 02:11:46,2.0371,45.3438,75.67,83,93,16.84
212,Cabedelo,BR,2021-08-06 02:11:47,-6.9811,-34.8339,72.27,84,8,14.7
213,Margate,GB,2021-08-06 02:07:54,51.3813,1.3862,63.03,96,49,3.0
214,Domoni,KM,2021-08-06 02:11:47,-12.2569,44.5319,72.64,75,5,1.12
215,Ozinki,RU,2021-08-06 02:11:48,51.1786,49.6769,64.47,57,76,8.01
216,Chicama,PE,2021-08-06 02:11:48,-7.8447,-79.1469,63.14,82,4,6.71
217,Melbu,NO,2021-08-06 02:11:48,68.5044,14.8297,52.21,92,100,6.51
218,Gogrial,SS,2021-08-06 02:11:49,8.5332,28.1004,73.13,82,74,3.69
219,Dingle,PH,2021-08-06 02:11:49,10.9995,122.6711,88.07,60,99,13.76
220,Pacasmayo,PE,2021-08-06 02:11:49,-7.4006,-79.5714,63.75,88,1,11.65
221,Paranaiba,BR,2021-08-06 02:11:50,-19.6772,-51.1908,69.03,42,74,5.59
222,Inuvik,CA,2021-08-06 02:08:23,68.3499,-133.7218,58.46,57,68,18.52
223,Bonavista,CA,2021-08-06 02:11:50,48.6499,-53.1147,63.5,69,96,15.1
224,Longyearbyen,SJ,2021-08-06 02:11:51,78.2186,15.6401,42.64,87,75,4.61
225,Oroville,US,2021-08-06 02:11:51,39.5138,-121.5564,94.53,26,1,4.0
226,Thurso,GB,2021-08-06 02:11:51,58.5927,-3.5259,57.45,95,85,15.79
227,Qinhuangdao,CN,2021-08-06 02:11:52,39.9317,119.5883,79.95,69,6,4.61
228,Poum,NC,2021-08-06 02:11:52,-20.2333,164.0167,69.55,60,100,21.94
229,Sibanicu,CU,2021-08-06 02:11:53,21.235,-77.5264,79.25,93,12,6.89
230,Ewa Beach,US,2021-08-06 02:11:53,21.3156,-158.0072,87.75,53,90,10.36
231,Lasa,IT,2021-08-06 02:11:53,46.6166,10.7002,54.01,84,91,2.17
232,Adwa,ET,2021-08-06 02:11:54,14.1646,38.8955,59.94,85,51,1.61
233,Bambous Virieux,MU,2021-08-06 02:08:27,-20.3428,57.7575,66.45,88,40,16.11
234,Caborca,MX,2021-08-06 02:11:55,30.5838,-111.101,74.82,71,100,12.19
235,Kantang,TH,2021-08-06 02:11:55,7.4054,99.5156,85.21,69,83,8.16
236,Hermitage,US,2021-08-06 02:11:55,41.2334,-80.4487,67.89,76,40,0.0
237,Liwale,TZ,2021-08-06 02:11:56,-9.7667,37.9333,64.58,89,67,2.06
238,Lavrentiya,RU,2021-08-06 02:11:56,65.5833,-171.0,51.75,93,100,1.95
239,Grand Baie,MU,2021-08-06 02:08:30,-20.0182,57.5802,66.67,71,13,4.0
240,Horodnytsya,UA,2021-08-06 02:11:57,50.807,27.3168,63.36,97,60,8.99
241,Chodavaram,IN,2021-08-06 02:11:57,17.8333,82.95,87.03,59,64,3.51
242,Labuhan,ID,2021-08-06 02:09:19,-6.8844,112.2051,83.7,67,56,8.21
243,Thompson,CA,2021-08-06 02:11:57,55.7435,-97.8558,63.46,41,54,2.77
244,Ayni,TJ,2021-08-06 02:11:58,39.3941,68.5377,69.33,49,22,2.8
245,Mezen,RU,2021-08-06 02:11:58,65.8522,44.24,47.05,91,100,3.85
246,Kayerkan,RU,2021-08-06 02:11:59,69.3497,87.7602,69.13,60,80,3.0
247,Warmbad,NA,2021-08-06 02:11:59,-28.45,18.7333,51.03,31,0,0.31
248,Manado,ID,2021-08-06 02:11:59,1.487,124.8455,92.17,58,20,5.75
249,Bonthe,SL,2021-08-06 02:12:00,7.5264,-12.505,76.73,80,100,12.44
250,Novobirilyussy,RU,2021-08-06 02:11:08,56.9514,90.6661,66.58,73,33,1.45
251,Kutum,SD,2021-08-06 02:12:00,14.2,24.6667,74.88,63,38,11.21
252,Xining,CN,2021-08-06 02:12:01,36.6167,101.7667,58.06,81,100,0.78
253,Novikovo,RU,2021-08-06 02:12:01,51.1537,37.8879,64.89,57,15,6.67
254,Geraldton,AU,2021-08-06 02:12:01,-28.7667,114.6,61.12,58,0,19.57
255,Port Keats,AU,2021-08-06 02:12:02,-14.25,129.55,82.17,17,55,13.4
256,Bethanien,NA,2021-08-06 02:12:02,-26.502,17.1583,51.93,41,66,6.85
257,Gat,IL,2021-08-06 02:07:02,31.61,34.7642,87.4,36,0,4.61
258,Moche,PE,2021-08-06 02:12:03,-8.1711,-79.0092,64.58,82,4,5.75
259,Krasnoselkup,RU,2021-08-06 02:12:03,65.7,82.4667,71.62,56,13,10.27
260,Banda Aceh,ID,2021-08-06 02:12:03,5.5577,95.3222,85.33,64,51,11.52
261,Newton,US,2021-08-06 02:11:26,42.337,-71.2092,67.71,95,90,0.0
262,Tilichiki,RU,2021-08-06 02:12:04,60.4667,166.1,51.06,78,100,22.66
263,Maldonado,UY,2021-08-06 02:09:15,-34.6667,-54.9167,58.23,90,41,10.67
264,Alberton,CA,2021-08-06 02:12:04,46.8168,-64.0654,67.5,97,100,11.52
265,Ulaangom,MN,2021-08-06 02:12:05,49.9811,92.0667,62.22,63,100,4.85
266,State College,US,2021-08-06 02:08:26,40.7934,-77.86,70.41,87,40,1.01
267,Talnakh,RU,2021-08-06 02:12:05,69.4865,88.3972,72.79,56,100,1.81
268,Salihli,TR,2021-08-06 02:12:06,38.4826,28.1477,81.79,29,0,2.1
269,Marsabit,KE,2021-08-06 02:12:06,2.3284,37.9899,59.36,74,96,19.08
270,Kisangani,CD,2021-08-06 02:12:07,0.5167,25.2,69.42,96,38,1.68
271,Verkhnyaya Toyma,RU,2021-08-06 02:12:07,62.2349,44.9985,49.82,83,99,3.8
272,Gubbi,IN,2021-08-06 02:12:07,13.3106,76.9444,71.6,82,100,13.51
273,Petropavlovka,RU,2021-08-06 02:12:08,50.6114,105.3196,69.46,72,79,0.98
274,Luanda,AO,2021-08-06 02:12:08,-8.8368,13.2343,71.58,81,99,5.66
275,Mazagao,BR,2021-08-06 02:12:08,-0.115,-51.2894,82.45,87,5,2.64
276,Rocha,UY,2021-08-06 02:12:09,-34.4833,-54.3333,56.91,89,65,9.73
277,Kununurra,AU,2021-08-06 02:12:09,-15.7667,128.7333,76.98,15,1,13.8
278,Sembe,CG,2021-08-06 02:12:09,1.6481,14.5806,73.42,84,82,4.45
279,Porto Novo,BJ,2021-08-06 02:12:10,6.4965,2.6036,75.06,88,92,6.2
280,Ravar,IR,2021-08-06 02:12:10,31.2656,56.8055,77.86,21,0,2.59
281,Sarkand,KZ,2021-08-06 02:12:11,45.41,79.9186,73.51,31,0,4.14
282,Saa,CM,2021-08-06 02:12:11,4.3667,11.45,68.81,97,100,4.18
283,Marawi,PH,2021-08-06 02:12:11,7.9986,124.2928,83.64,52,99,4.29
284,Najran,SA,2021-08-06 02:12:12,17.4924,44.1277,81.45,45,86,7.2
285,Ahipara,NZ,2021-08-06 02:12:12,-35.1667,173.1667,57.61,83,33,17.22
286,Totma,RU,2021-08-06 02:12:13,59.9747,42.7642,53.29,71,100,3.2
287,Saskylakh,RU,2021-08-06 02:12:13,71.9167,114.0833,60.55,39,9,12.73
288,Yumen,CN,2021-08-06 02:07:45,40.2833,97.2,81.19,13,30,3.44
289,Nizwa,OM,2021-08-06 02:12:13,22.9333,57.5333,88.18,40,18,1.97
290,Erdenet,MN,2021-08-06 02:12:14,49.0333,104.0833,67.19,64,100,4.14
291,Geri,CY,2021-08-06 02:12:14,35.1,33.4167,80.62,65,0,6.91
292,Gondanglegi,ID,2021-08-06 02:12:14,-7.7479,112.0132,83.82,65,97,5.95
293,Eureka,US,2021-08-06 02:12:15,40.8021,-124.1637,74.68,79,73,5.01
294,Vardo,NO,2021-08-06 02:12:15,70.3705,31.1107,50.77,81,46,4.12
295,Gambela,ET,2021-08-06 02:12:16,8.25,34.5833,69.69,82,91,3.27
296,Nieuw Amsterdam,SR,2021-08-06 02:12:16,5.8833,-55.0833,78.03,89,100,2.66
297,Puerto Rico,AR,2021-08-06 02:12:16,-26.796,-55.024,60.24,61,100,1.01
298,Ambon,ID,2021-08-06 02:11:48,-3.6954,128.1814,80.74,89,40,5.75
299,Cayenne,GF,2021-08-06 02:12:17,4.9333,-52.3333,79.09,84,90,4.61
300,Key West,US,2021-08-06 02:11:56,24.5557,-81.7826,87.8,70,1,6.91
301,Plettenberg Bay,ZA,2021-08-06 02:12:18,-34.0527,23.3716,57.43,84,98,4.94
302,Starodub,RU,2021-08-06 02:12:18,52.5844,32.7633,62.02,93,100,7.65
303,Fort Nelson,CA,2021-08-06 02:12:18,58.8053,-122.7002,59.09,96,95,11.56
304,Mamlyutka,KZ,2021-08-06 02:12:19,54.9375,68.5394,66.47,83,93,5.26
305,Hofn,IS,2021-08-06 02:12:19,64.2539,-15.2082,52.77,88,91,2.82
306,Lorengau,PG,2021-08-06 02:12:19,-2.0226,147.2712,85.03,72,30,10.54
307,Usinsk,RU,2021-08-06 02:12:20,65.9939,57.5281,52.95,96,100,12.19
308,Tecoanapa,MX,2021-08-06 02:08:32,16.5167,-98.75,77.41,92,100,8.66
309,Okakarara,NA,2021-08-06 02:12:21,-20.5833,17.4333,52.21,36,2,2.68
310,Namibe,AO,2021-08-06 02:12:21,-15.1961,12.1522,65.68,81,0,2.46
311,Bonfim,BR,2021-08-06 02:12:22,3.0833,-59.95,76.95,81,100,4.65
312,Jumla,NP,2021-08-06 02:12:22,29.2747,82.1838,63.12,96,100,2.21
313,Paamiut,GL,2021-08-06 02:12:22,61.994,-49.6678,44.53,96,100,18.1
314,The Valley,AI,2021-08-06 02:12:23,18.217,-63.0578,82.81,75,1,17.6
315,San Joaquin,US,2021-08-06 02:12:16,37.9333,-121.3011,91.99,37,1,11.5
316,Havre-Saint-Pierre,CA,2021-08-06 02:12:23,50.2334,-63.5986,59.88,90,100,4.81
317,Ayan,RU,2021-08-06 02:12:24,56.45,138.1667,54.37,91,100,13.02
318,Camacha,PT,2021-08-06 02:07:27,33.0833,-16.3333,71.53,94,75,11.5
319,Saint-Georges,GD,2021-08-06 02:12:24,12.0564,-61.7485,80.28,89,20,0.0
320,Kalemie,CD,2021-08-06 02:12:24,-5.9475,29.1947,73.36,57,48,2.82
321,Shelburne,CA,2021-08-06 02:10:50,44.0787,-80.2041,69.57,77,91,5.17
322,Tessalit,ML,2021-08-06 02:12:25,20.1986,1.0114,81.16,55,100,19.51
323,Kagoro,NG,2021-08-06 02:12:25,9.6,8.3833,65.73,98,99,1.23
324,Ladario,BR,2021-08-06 02:12:25,-19.0047,-57.6017,68.67,26,25,2.91
325,Nanortalik,GL,2021-08-06 02:12:26,60.1432,-45.2371,46.31,96,100,1.48
326,Williams Lake,CA,2021-08-06 02:12:26,52.1415,-122.1445,67.23,45,100,1.99
327,Raga,SS,2021-08-06 02:12:27,8.4596,25.678,67.73,96,56,4.5
328,Srandakan,ID,2021-08-06 02:12:27,-7.9386,110.2506,81.19,71,95,3.18
329,Roquetas De Mar,ES,2021-08-06 02:12:27,36.7642,-2.6148,75.61,87,0,4.79
330,Ahuacatlan,MX,2021-08-06 02:12:28,21.05,-104.4833,68.22,98,100,3.74
331,Lazaro Cardenas,MX,2021-08-06 02:12:28,17.9583,-102.2,79.84,78,95,1.99
332,Auki,SB,2021-08-06 02:08:21,-8.7676,160.7034,84.13,59,14,8.03
333,Huadian,CN,2021-08-06 02:12:29,42.9633,126.7478,75.92,76,100,7.78
334,Zhigansk,RU,2021-08-06 02:12:29,66.7697,123.3711,59.79,42,100,7.11
335,Clarence Town,AU,2021-08-06 02:12:29,-32.5833,151.7833,68.05,42,0,8.75
336,Nome,US,2021-08-06 02:12:30,64.5011,-165.4064,62.17,82,90,23.02
337,Yar-Sale,RU,2021-08-06 02:12:30,66.8333,70.8333,63.77,68,100,7.47
338,Puerto Baquerizo Moreno,EC,2021-08-06 02:12:30,-0.9,-89.6,70.29,85,60,11.97
339,Chulumani,BO,2021-08-06 02:12:31,-16.4096,-67.5263,57.16,83,2,1.9
340,Talcahuano,CL,2021-08-06 02:10:15,-36.7167,-73.1167,51.48,93,75,3.44
341,Mikuni,JP,2021-08-06 02:12:31,36.2171,136.1519,87.24,66,7,4.41
342,Ardakan,IR,2021-08-06 02:12:32,32.31,54.0175,80.98,22,87,10.04
343,San Felipe,VE,2021-08-06 02:12:32,10.3399,-68.7425,71.06,93,0,4.29
344,Marathon,US,2021-08-06 02:12:33,44.9,-89.7668,67.53,86,90,10.36
345,Belen,TR,2021-08-06 02:12:33,36.4891,36.2233,75.34,65,40,6.91
346,Altay,CN,2021-08-06 02:12:33,47.8667,88.1167,64.96,53,5,3.89
347,Mecca,SA,2021-08-06 02:08:51,21.4267,39.8261,84.74,60,33,4.72
348,Sao Joao Da Barra,BR,2021-08-06 02:09:27,-21.6403,-41.0511,68.59,79,74,8.97
349,Kangaatsiaq,GL,2021-08-06 02:12:34,68.3065,-53.4641,42.91,93,100,16.53
350,Antofagasta,CL,2021-08-06 02:12:34,-23.65,-70.4,56.48,70,37,6.78
351,Sawtell,AU,2021-08-06 02:12:35,-30.3833,153.1,68.32,51,0,8.05
352,Riyadh,SA,2021-08-06 02:12:35,24.6877,46.7219,86.14,13,0,9.4
353,Sao Raimundo Das Mangabeiras,BR,2021-08-06 02:12:35,-7.0219,-45.4811,72.19,32,1,2.46
354,Lebedinyy,RU,2021-08-06 02:12:36,58.5167,125.5167,66.6,63,100,7.58
355,Adrar,MR,2021-08-06 02:12:36,20.5022,-10.0711,88.88,17,59,6.31
356,Wunstorf,DE,2021-08-06 02:12:36,52.4333,9.4167,60.48,94,40,5.75
357,Ndele,CF,2021-08-06 02:12:37,8.4109,20.6473,69.62,97,44,2.73
358,Verkhnyaya Inta,RU,2021-08-06 02:12:37,65.9811,60.3094,52.45,95,100,13.06
359,Lubango,AO,2021-08-06 02:12:38,-14.9172,13.4925,58.15,33,0,4.38
360,Baracoa,CU,2021-08-06 02:12:38,20.3467,-74.4958,81.43,83,52,7.76
361,Gorontalo,ID,2021-08-06 02:08:04,0.5412,123.0595,87.15,64,47,6.38
362,Igarka,RU,2021-08-06 02:12:38,67.4667,86.5833,71.26,43,76,8.66
363,Aksakovo,BG,2021-08-06 02:12:40,43.25,27.8167,78.1,90,0,3.44
364,Santa Isabel,BR,2021-08-06 02:12:40,-23.3156,-46.2214,61.66,97,94,2.04
365,Nara,JP,2021-08-06 02:12:41,34.6851,135.8049,88.88,59,99,11.95
366,Poronaysk,RU,2021-08-06 02:12:41,49.2167,143.1167,58.77,94,100,9.26
367,Ouesso,CG,2021-08-06 02:08:41,1.6136,16.0517,73.08,82,37,3.94
368,Kaitangata,NZ,2021-08-06 02:11:54,-46.2817,169.8464,55.92,58,6,3.0
369,Klaksvik,FO,2021-08-06 02:12:42,62.2266,-6.589,56.32,97,100,6.58
370,Chifeng,CN,2021-08-06 02:12:42,42.2683,118.9636,73.24,57,98,3.78
371,Victor Harbor,AU,2021-08-06 02:12:43,-35.5667,138.6167,57.47,61,59,11.54
372,Rurrenabaque,BO,2021-08-06 02:12:43,-14.4413,-67.5278,68.52,58,1,2.15
373,Yulara,AU,2021-08-06 02:12:43,-25.2406,130.9889,60.64,36,0,16.11
374,Akyab,MM,2021-08-06 02:12:44,20.15,92.9,80.1,85,100,4.47
375,Sosua,DO,2021-08-06 02:10:36,19.7667,-70.5167,81.52,94,75,8.05
376,Nicoya,CR,2021-08-06 02:12:44,10.1483,-85.452,74.75,93,100,1.14
377,Olafsvik,IS,2021-08-06 02:12:45,64.8945,-23.7142,54.48,84,18,4.92
378,Great Bend,US,2021-08-06 02:12:45,38.3645,-98.7648,83.03,49,1,5.01
379,Morant Bay,JM,2021-08-06 02:12:45,17.8815,-76.4093,83.82,81,42,8.57
380,Tromso,NO,2021-08-06 02:12:46,69.6496,18.957,52.38,93,75,4.61
381,Ugoofaaru,MV,2021-08-06 02:12:46,5.6667,73.0,81.5,78,100,12.59
382,Mountain Home,US,2021-08-06 02:12:07,43.133,-115.6912,93.11,19,75,12.66
383,Makhu,IN,2021-08-06 02:12:47,31.1033,74.9978,83.19,79,11,8.21
384,Kalianget,ID,2021-08-06 02:12:47,-7.05,113.9333,83.55,67,87,12.41
385,Jaisalmer,IN,2021-08-06 02:12:47,26.9147,70.9181,83.28,66,19,16.02
386,Lac Du Bonnet,CA,2021-08-06 02:12:48,50.2536,-96.0612,61.59,70,91,8.25
387,Lata,PT,2021-08-06 02:12:48,40.1629,-8.3327,65.05,98,49,2.84
388,Thinadhoo,MV,2021-08-06 02:12:49,0.5333,72.9333,81.39,70,100,5.44
389,Mangrol,IN,2021-08-06 02:12:49,21.1167,70.1167,81.28,82,100,14.38
390,Aykhal,RU,2021-08-06 02:12:49,66.0,111.5,62.74,41,0,18.01
391,Casino,AU,2021-08-06 02:12:50,-28.8667,153.05,67.95,40,45,4.61
392,Gualdo Tadino,IT,2021-08-06 02:12:50,43.2317,12.781,68.52,84,100,1.01
393,Vanimo,PG,2021-08-06 02:12:50,-2.6741,141.3028,84.81,69,14,4.07
394,Vigia,BR,2021-08-06 02:12:51,-0.8583,-48.1417,78.85,89,8,9.42
395,Port Hardy,CA,2021-08-06 02:12:51,50.6996,-127.4199,61.43,79,60,9.31
396,Sumter,US,2021-08-06 02:12:51,28.7086,-82.0831,79.38,86,100,6.2
397,Kahului,US,2021-08-06 02:12:52,20.8947,-156.47,84.22,79,40,26.46
398,Polewali,ID,2021-08-06 02:12:52,-3.4324,119.3435,81.9,76,97,3.42
399,Kwekwe,ZW,2021-08-06 02:12:52,-18.9281,29.8149,48.78,52,0,4.34
400,Gawler,AU,2021-08-06 02:12:53,-34.6,138.7333,59.56,95,92,8.79
401,George Town,MY,2021-08-06 02:09:51,5.4112,100.3354,85.95,71,20,3.44
402,Valle De Banderas,MX,2021-08-06 02:12:53,20.8,-105.2333,76.6,94,75,3.44
403,Calama,CL,2021-08-06 02:12:54,-22.4667,-68.9333,41.49,30,0,14.97
404,Warrnambool,AU,2021-08-06 02:12:54,-38.3833,142.4833,53.82,79,100,16.26
405,Teya,RU,2021-08-06 02:12:55,60.3778,92.6267,72.7,46,68,3.6
406,Martapura,ID,2021-08-06 02:12:55,-3.4167,114.85,84.29,74,20,5.75
407,Sarangani,PH,2021-08-06 02:12:55,5.4033,125.4636,82.85,78,100,8.43
408,Northam,GB,2021-08-06 02:12:56,51.0333,-4.2167,61.66,97,76,24.09
409,Colares,PT,2021-08-06 02:12:56,38.7992,-9.4469,67.28,75,16,3.0
410,Ust-Ishim,RU,2021-08-06 02:12:56,57.6935,71.1665,62.62,84,100,3.8
411,Morehead,US,2021-08-06 02:09:16,37.2711,-87.1764,71.83,84,1,0.0
412,Kudat,MY,2021-08-06 02:12:57,6.8837,116.8477,87.06,60,46,2.37
413,Qandala,SO,2021-08-06 02:12:57,11.472,49.8728,87.39,51,94,7.99
414,Srednekolymsk,RU,2021-08-06 02:12:57,67.45,153.6833,50.38,70,100,10.83
415,Syracuse,IT,2021-08-06 02:12:58,37.0881,15.2792,81.61,72,25,4.99
416,Bowen,AU,2021-08-06 02:12:58,-20.0167,148.2333,69.04,39,58,13.29
417,Sabang,ID,2021-08-06 02:12:58,5.8933,95.3214,83.55,72,59,19.33
418,Koumac,NC,2021-08-06 02:12:59,-20.5667,164.2833,71.65,52,100,15.12
419,Obihiro,JP,2021-08-06 02:12:59,42.9172,143.2044,86.49,64,10,4.09
420,Casimiro Castillo,MX,2021-08-06 02:13:00,19.6,-104.4333,76.46,99,100,1.12
421,Hami,CN,2021-08-06 02:12:51,42.8,93.45,87.96,20,39,10.4
422,Luderitz,NA,2021-08-06 02:13:00,-26.6481,15.1594,55.02,72,47,2.66
423,Nchelenge,ZM,2021-08-06 02:13:00,-9.3451,28.734,62.51,47,2,7.63
424,Wuda,CN,2021-08-06 02:13:01,39.4994,106.7117,79.34,21,95,12.82
425,Tommot,RU,2021-08-06 02:13:01,58.9564,126.2925,71.76,56,100,8.77
426,Nizhnevartovsk,RU,2021-08-06 02:13:01,60.9344,76.5531,60.82,94,33,4.47
427,Shelby,US,2021-08-06 02:13:02,35.2001,-89.8668,76.14,77,1,0.0
428,Puerto Quijarro,BO,2021-08-06 02:13:02,-17.7833,-57.7667,70.34,23,30,2.95
429,Bumba,CD,2021-08-06 02:13:03,2.1833,22.4667,70.12,98,63,2.51
430,Korla,CN,2021-08-06 02:13:03,41.7597,86.1469,85.77,17,95,11.68
431,Vadgaon,IN,2021-08-06 02:13:04,20.9402,74.8712,81.07,70,100,7.78
432,La Reforma,MX,2021-08-06 02:13:04,25.0833,-108.05,86.29,72,100,2.24
433,Quatre Cocos,MU,2021-08-06 02:12:39,-20.2078,57.7625,66.31,70,72,13.33
434,Bambanglipuro,ID,2021-08-06 02:13:04,-7.95,110.2833,81.21,71,97,3.22
435,Cozumel,MX,2021-08-06 02:13:05,20.5083,-86.9458,86.11,83,40,5.01
436,Comodoro Rivadavia,AR,2021-08-06 02:12:13,-45.8667,-67.5,57.06,30,0,26.46
437,Koshurnikovo,RU,2021-08-06 02:13:06,54.1667,93.3,59.16,87,100,1.07
438,Plattling,DE,2021-08-06 02:13:06,48.7833,12.8667,60.22,87,94,4.14
439,Nago,JP,2021-08-06 02:13:06,26.5881,127.9761,86.45,90,34,14.07
440,Samarai,PG,2021-08-06 02:13:07,-10.6167,150.6667,79.27,64,99,11.81
441,Bonaventure,CA,2021-08-06 02:13:07,48.0457,-65.4926,64.98,97,100,6.44
442,Visby,SE,2021-08-06 02:13:07,57.6409,18.296,64.94,77,9,6.91
443,Anadyr,RU,2021-08-06 02:08:19,64.75,177.4833,55.9,71,0,4.47
444,Hammerfest,NO,2021-08-06 02:13:08,70.6634,23.6821,52.25,87,0,0.0
445,Khatassy,RU,2021-08-06 02:13:08,61.9036,129.6383,67.98,27,33,10.2
446,Vila Franca Do Campo,PT,2021-08-06 02:13:09,37.7167,-25.4333,72.01,92,48,8.19
447,Hambantota,LK,2021-08-06 02:13:09,6.1241,81.1185,80.71,76,99,18.92
448,Charyshskoye,RU,2021-08-06 02:13:10,51.3978,83.5598,60.48,91,100,3.58
449,Thessalon,CA,2021-08-06 02:13:10,46.2501,-83.5666,73.89,85,87,4.25
450,Nishihara,JP,2021-08-06 02:13:10,26.1842,127.7558,85.68,87,75,6.91
451,Sao Filipe,CV,2021-08-06 02:13:11,14.8961,-24.4956,77.79,91,99,8.61
452,Codrington,AU,2021-08-06 02:13:11,-38.2667,141.9667,54.7,78,100,12.75
453,Nanakuli,US,2021-08-06 02:13:12,21.3906,-158.1547,87.75,51,90,10.36
454,Poplar Bluff,US,2021-08-06 02:13:12,36.757,-90.3929,76.77,83,1,0.0
455,Ciudad Bolivar,VE,2021-08-06 02:10:06,8.1222,-63.5497,77.79,82,30,3.13
456,Seybaplaya,MX,2021-08-06 02:13:12,19.65,-90.6667,83.5,77,100,17.49
457,Xuddur,SO,2021-08-06 02:13:13,4.1213,43.8894,67.91,84,15,15.79
458,Hudson Bay,CA,2021-08-06 02:13:13,52.85,-102.3842,70.18,55,12,2.91
459,Alofi,NU,2021-08-06 02:12:18,-19.0595,-169.9187,80.49,69,40,4.61
460,Kropotkin,RU,2021-08-06 02:13:14,45.4375,40.5756,77.7,37,0,12.5
461,Edson,CA,2021-08-06 02:13:14,53.5835,-116.4356,80.38,35,90,6.02
462,Kandrian,PG,2021-08-06 02:13:14,-6.2167,149.55,80.82,78,89,16.44
463,Mastic Beach,US,2021-08-06 02:13:15,40.7668,-72.8521,72.32,91,1,10.0
464,Tezu,IN,2021-08-06 02:13:15,27.9167,96.1667,88.61,60,8,1.63
465,Beringovskiy,RU,2021-08-06 02:13:15,63.05,179.3167,49.82,83,100,7.07
466,Utica,US,2021-08-06 02:10:21,43.1009,-75.2327,69.35,90,0,3.13
467,Hachinohe,JP,2021-08-06 02:13:16,40.5,141.5,85.82,63,2,7.74
468,Sioux Lookout,CA,2021-08-06 02:13:16,50.1001,-91.917,61.18,100,90,10.36
469,Kijang,KR,2021-08-06 02:13:17,35.2442,129.2139,86.94,65,0,8.59
470,Vao,NC,2021-08-06 02:13:17,-22.6667,167.4833,68.02,59,65,18.37
471,Lobanovo,RU,2021-08-06 02:13:17,57.8595,56.3026,55.31,100,0,2.24
472,Sao Felix Do Xingu,BR,2021-08-06 02:13:18,-6.6447,-51.995,73.11,38,6,0.67
473,Baruun-Urt,MN,2021-08-06 02:13:18,46.6806,113.2792,73.08,42,4,10.18
474,Guelph,CA,2021-08-06 02:09:02,43.5501,-80.2497,72.39,72,100,5.7
475,Karratha,AU,2021-08-06 02:13:19,-20.7377,116.8463,73.33,25,43,26.91
476,Ranong,TH,2021-08-06 02:13:19,9.9658,98.6348,81.66,84,91,12.3
477,Takoradi,GH,2021-08-06 02:13:19,4.8845,-1.7554,74.75,87,21,7.25
478,Thunder Bay,CA,2021-08-06 02:13:20,48.4001,-89.3168,68.56,95,93,3.47
479,San Quintin,MX,2021-08-06 02:13:20,30.4833,-115.95,69.3,81,1,9.71
480,Shimoda,JP,2021-08-06 02:13:20,34.6667,138.95,86.11,73,51,11.81
481,Santa Maria,BR,2021-08-06 02:13:21,-29.6842,-53.8069,57.29,92,99,6.08
482,Garissa,KE,2021-08-06 02:13:21,-0.4536,39.6401,71.82,82,73,14.23
483,Sambir,UA,2021-08-06 02:13:22,49.5183,23.1975,61.88,80,10,11.48
484,Uruzgan,AF,2021-08-06 02:13:22,32.8333,66.0,71.6,24,0,7.0
485,Pinotepa Nacional,MX,2021-08-06 02:13:22,16.3167,-98.0167,74.68,95,100,3.09
486,Constitucion,CL,2021-08-06 02:13:23,-35.3333,-72.4167,50.41,90,100,2.77
487,Odienne,CI,2021-08-06 02:13:23,9.51,-7.5692,69.58,96,100,3.8
488,Murud,IN,2021-08-06 02:13:24,18.3258,72.965,80.01,85,100,14.25
489,Kulhudhuffushi,MV,2021-08-06 02:13:24,6.6221,73.07,81.55,76,100,12.82
490,Los Llanos De Aridane,ES,2021-08-06 02:13:24,28.6585,-17.9182,67.75,95,20,14.97
491,Marsh Harbour,BS,2021-08-06 02:13:24,26.5412,-77.0636,83.16,77,44,13.53
492,Whitehorse,CA,2021-08-06 02:13:25,60.7161,-135.0538,70.02,60,86,11.01
493,Khasan,RU,2021-08-06 02:13:25,42.4308,130.6434,80.96,67,99,4.16
494,Kyrksaeterora,NO,2021-08-06 02:13:26,63.2906,9.0891,55.49,91,96,3.22
495,Evans,US,2021-08-06 02:13:26,33.5337,-82.1307,79.03,69,1,1.01
496,Virden,US,2021-08-06 02:13:26,39.5009,-89.7679,75.61,78,100,7.56
497,Sechura,PE,2021-08-06 02:13:27,-5.5569,-80.8222,65.68,80,0,13.51
498,East Kilbride,GB,2021-08-06 02:13:28,55.7667,-4.1667,59.63,83,100,1.99
499,Marienburg,PL,2021-08-06 02:13:30,54.0359,19.0266,64.06,69,100,11.03
500,Kaduqli,SD,2021-08-06 02:13:31,11.0167,29.7167,74.62,82,100,4.92
501,Litovko,RU,2021-08-06 02:13:31,49.2361,135.1742,65.3,95,100,3.15
502,Narsaq,GL,2021-08-06 02:13:32,60.9167,-46.05,46.62,92,100,2.19
503,Svetlaya,RU,2021-08-06 02:12:11,46.5389,138.3297,70.52,85,100,4.52
504,Vaksdal,NO,2021-08-06 02:13:32,60.5903,5.8227,56.97,94,27,3.67
505,Kudahuvadhoo,MV,2021-08-06 02:13:32,2.6708,72.8944,82.17,72,98,8.63
506,Beloha,MG,2021-08-06 02:13:33,-25.1667,45.05,62.01,64,0,5.32
507,Crixas,BR,2021-08-06 02:13:33,-14.5489,-49.9692,74.01,33,100,6.96
508,Palestina,PS,2021-08-06 02:13:34,31.9216,35.2033,78.94,25,0,4.61
509,Puerto Madryn,AR,2021-08-06 02:13:34,-42.7692,-65.0385,62.22,38,100,14.36
510,Ambovombe,MG,2021-08-06 02:13:34,-25.1667,46.0833,60.98,75,0,5.1
511,Lucapa,AO,2021-08-06 02:13:35,-8.4192,20.7447,65.71,32,0,4.65
512,Alice Springs,AU,2021-08-06 02:13:35,-23.7,133.8833,56.75,47,0,12.66
513,Ponta Delgada,PT,2021-08-06 02:13:36,37.7333,-25.6667,72.32,100,40,13.8
514,Nizhniy Kuranakh,RU,2021-08-06 02:12:13,58.8353,125.4869,69.84,62,100,9.91
515,Roebourne,AU,2021-08-06 02:13:36,-20.7833,117.1333,73.38,25,7,25.52
516,Callaway,US,2021-08-06 02:13:37,30.153,-85.5699,78.98,86,1,1.99
517,Champerico,GT,2021-08-06 02:13:37,14.3,-91.9167,81.36,92,100,10.94
518,Katobu,ID,2021-08-06 02:13:37,-4.9408,122.5276,83.66,63,93,8.55
519,Acapulco,MX,2021-08-06 02:13:38,16.8634,-99.8901,84.02,74,90,3.44
520,Mildura,AU,2021-08-06 02:13:38,-34.2,142.15,57.16,67,90,8.05
521,Sinjar,IQ,2021-08-06 02:13:38,36.3209,41.8754,90.77,21,21,5.82
522,Yarada,IN,2021-08-06 02:13:39,17.65,83.2667,86.25,66,70,6.53
523,Kharan,PK,2021-08-06 02:13:39,28.5833,65.4167,84.51,16,0,4.9
524,La Ronge,CA,2021-08-06 02:09:30,55.1001,-105.2842,62.69,79,46,3.98
525,Pinawa,CA,2021-08-06 02:13:40,50.1489,-95.8811,64.04,71,89,7.87
526,Hervey Bay,AU,2021-08-06 02:13:40,-25.2986,152.8535,69.91,57,56,2.71
527,Hatillo,PR,2021-08-06 02:13:41,18.4863,-66.8254,82.89,88,0,13.31
528,Elizabeth City,US,2021-08-06 02:13:41,36.2946,-76.2511,73.02,87,1,4.61
529,Buea,CM,2021-08-06 02:13:41,4.1527,9.241,66.29,90,95,5.08
530,Mtwara,TZ,2021-08-06 02:13:42,-10.2667,40.1833,68.63,92,12,6.73
531,Zyryanskoye,RU,2021-08-06 02:13:42,56.8306,86.6258,62.78,87,60,5.39
532,Buala,SB,2021-08-06 02:13:42,-8.145,159.5921,81.99,69,60,10.02
533,Dumai,ID,2021-08-06 02:13:43,1.6833,101.45,83.26,68,95,3.96
534,Palmer,US,2021-08-06 02:13:43,42.1584,-72.3287,67.75,80,69,2.17
535,Tahe,CN,2021-08-06 02:13:43,52.3333,124.7333,59.65,96,100,3.36
536,Angoche,MZ,2021-08-06 02:13:44,-16.2325,39.9086,69.8,83,1,2.28
537,Huambo,AO,2021-08-06 02:13:04,-12.7761,15.7392,55.44,31,0,3.09
538,Luquillo,PR,2021-08-06 02:13:44,18.3725,-65.7166,82.81,94,40,9.22
539,Buin,CL,2021-08-06 02:13:45,-33.7333,-70.75,58.05,71,75,3.83
540,Nova Ushytsya,UA,2021-08-06 02:13:45,48.8372,27.2743,63.3,94,100,9.26
541,Poltavka,RU,2021-08-06 02:13:45,54.3663,71.7632,68.76,58,100,3.33
542,Komsomolskiy,UZ,2021-08-06 02:13:47,40.4272,71.7189,76.42,35,52,2.3
543,Pemangkat,ID,2021-08-06 02:13:47,1.1667,108.9667,81.28,71,100,3.89
544,Malakal,SS,2021-08-06 02:13:47,9.5334,31.6605,72.18,90,98,1.21
545,Phek,IN,2021-08-06 02:13:48,25.6667,94.5,69.01,77,48,2.44
546,Temple Terrace,US,2021-08-06 02:10:35,28.0353,-82.3893,79.92,89,75,3.44
547,Ilhabela,BR,2021-08-06 02:13:48,-23.7781,-45.3581,64.85,90,96,5.64
548,Cam Ranh,VN,2021-08-06 02:13:49,11.9214,109.1591,89.56,55,20,10.36
549,Millau,FR,2021-08-06 02:13:49,44.0833,2.9167,66.4,88,100,6.51
550,Jizan,SA,2021-08-06 02:13:50,17.3333,42.6667,88.07,62,79,7.81
551,Canico,PT,2021-08-06 02:13:50,32.6333,-16.85,75.0,91,75,10.36
552,Zhezkazgan,KZ,2021-08-06 02:13:48,47.8043,67.7144,77.0,29,0,9.57
553,Iranshahr,IR,2021-08-06 02:13:50,27.2025,60.6848,92.08,15,0,5.1
554,Klyavlino,RU,2021-08-06 02:13:51,54.2649,52.0267,57.24,72,1,5.01
555,Lafayette,US,2021-08-06 02:11:45,30.2335,-92.0668,80.55,80,1,3.44
556,Abonnema,NG,2021-08-06 02:13:51,4.7084,6.7931,74.98,90,100,4.59
557,Chino Valley,US,2021-08-06 02:13:52,34.7575,-112.4538,91.17,31,1,1.01
558,Durban,ZA,2021-08-06 02:13:52,-29.8579,31.0292,63.01,92,0,1.99
559,Saint George,US,2021-08-06 02:13:52,37.1041,-113.5841,106.39,11,1,1.01
560,Makakilo City,US,2021-08-06 02:13:53,21.3469,-158.0858,86.32,53,90,10.36
